FPR,TPR,AUC
0.0,0.0,0.99999925
0.0,0.928,0.99999925
0.0,0.946,0.99999925
0.0,0.956,0.99999925
0.0,0.957,0.99999925
0.0,0.96,0.99999925
0.0,0.975,0.99999925
0.0,0.979,0.99999925
0.0,0.981,0.99999925
0.0,0.983,0.99999925
0.0,0.997,0.99999925
0.00025,0.997,0.99999925
0.00025,1.0,0.99999925
0.7995,1.0,0.99999925
0.8,1.0,0.99999925
0.89725,1.0,0.99999925
1.0,1.0,0.99999925
