FPR,TPR,AUC
0.0,0.0,1.0
0.0,0.993,1.0
0.0,0.995,1.0
0.0,1.0,1.0
0.88825,1.0,1.0
0.88875,1.0,1.0
0.893,1.0,1.0
1.0,1.0,1.0
