FPR,TPR,AUC
0.0,0.0,0.999905
0.0,0.922,0.999905
0.0,0.938,0.999905
0.0,0.946,0.999905
0.0,0.948,0.999905
0.0,0.95,0.999905
0.0,0.953,0.999905
0.0,0.955,0.999905
0.0,0.958,0.999905
0.0,0.96,0.999905
0.0,0.963,0.999905
0.0,0.964,0.999905
0.0,0.968,0.999905
0.0,0.999,0.999905
0.095,0.999,0.999905
0.095,1.0,0.999905
0.828,1.0,0.999905
1.0,1.0,0.999905
