FPR,TPR,AUC
0.0,0.0,0.9999987499999999
0.0,0.98,0.9999987499999999
0.0,0.983,0.9999987499999999
0.0,0.985,0.9999987499999999
0.0,0.998,0.9999987499999999
0.0005,0.998,0.9999987499999999
0.0005,0.999,0.9999987499999999
0.00075,0.999,0.9999987499999999
0.00075,1.0,0.9999987499999999
0.69175,1.0,0.9999987499999999
1.0,1.0,0.9999987499999999
