FPR,TPR,AUC
0.0,0.0,0.99999525
0.0,0.932,0.99999525
0.0,0.94,0.99999525
0.0,0.949,0.99999525
0.0,0.952,0.99999525
0.0,0.957,0.99999525
0.0,0.959,0.99999525
0.0,0.99,0.99999525
0.00025,0.99,0.99999525
0.00025,0.995,0.99999525
0.0005,0.995,0.99999525
0.0005,0.998,0.99999525
0.00075,0.998,0.99999525
0.00075,0.999,0.99999525
0.00125,0.999,0.99999525
0.00125,1.0,0.99999525
0.55575,1.0,0.99999525
1.0,1.0,0.99999525
