FPR,TPR,AUC
0.0,0.0,0.9999982500000001
0.0,0.981,0.9999982500000001
0.0,0.984,0.9999982500000001
0.0,0.996,0.9999982500000001
0.00025,0.996,0.9999982500000001
0.00025,0.999,0.9999982500000001
0.001,0.999,0.9999982500000001
0.001,1.0,0.9999982500000001
0.82825,1.0,0.9999982500000001
1.0,1.0,0.9999982500000001
