FPR,TPR,AUC
0.0,0.0,1.0
0.0,0.999,1.0
0.0,1.0,1.0
0.53975,1.0,1.0
0.54025,1.0,1.0
0.683,1.0,1.0
1.0,1.0,1.0
