FPR,TPR,AUC
0.0,0.0,0.9999997500000001
0.0,0.985,0.9999997500000001
0.0,0.99,0.9999997500000001
0.0,0.994,0.9999997500000001
0.0,0.999,0.9999997500000001
0.00025,0.999,0.9999997500000001
0.00025,1.0,0.9999997500000001
0.51025,1.0,0.9999997500000001
0.51075,1.0,0.9999997500000001
0.894,1.0,0.9999997500000001
1.0,1.0,0.9999997500000001
