FPR,TPR,AUC
0.0,0.0,0.9999375
0.0,0.95,0.9999375
0.0,0.96,0.9999375
0.0,0.965,0.9999375
0.0,0.967,0.9999375
0.0,0.973,0.9999375
0.0,0.975,0.9999375
0.0,0.979,0.9999375
0.0,0.984,0.9999375
0.0,0.986,0.9999375
0.0,0.999,0.9999375
0.0625,0.999,0.9999375
0.0625,1.0,0.9999375
0.82125,1.0,0.9999375
1.0,1.0,0.9999375
