FPR,TPR,AUC
0.0,0.0,0.99999675
0.0,0.985,0.99999675
0.0,0.986,0.99999675
0.0,0.988,0.99999675
0.0,0.992,0.99999675
0.00025,0.992,0.99999675
0.00025,0.996,0.99999675
0.0005,0.996,0.99999675
0.0005,0.999,0.99999675
0.00075,0.999,0.99999675
0.00075,1.0,0.99999675
0.231,1.0,0.99999675
0.2315,1.0,0.99999675
0.534,1.0,0.99999675
0.5345,1.0,0.99999675
0.75425,1.0,0.99999675
1.0,1.0,0.99999675
