FPR,TPR,AUC
0.0,0.0,0.99986425
0.00025,0.993,0.99986425
0.00025,0.995,0.99986425
0.0005,0.996,0.99986425
0.0005,0.997,0.99986425
0.00125,0.997,0.99986425
0.00125,0.999,0.99986425
0.00775,0.999,0.99986425
0.00775,1.0,0.99986425
0.63275,1.0,0.99986425
1.0,1.0,0.99986425
