FPR,TPR,AUC
0.0,0.0,1.0
0.0,1.0,1.0
0.41525,1.0,1.0
0.41575,1.0,1.0
0.5495,1.0,1.0
1.0,1.0,1.0
