FPR,TPR,AUC
0.0,0.0,1.0
0.0,0.917,1.0
0.0,0.925,1.0
0.0,0.929,1.0
0.0,0.931,1.0
0.0,0.933,1.0
0.0,1.0,1.0
0.94625,1.0,1.0
0.94675,1.0,1.0
1.0,1.0,1.0
