FPR,TPR,AUC
0.0,0.0,0.99998575
0.0,0.978,0.99998575
0.0,0.984,0.99998575
0.0,0.996,0.99998575
0.0015,0.996,0.99998575
0.0015,0.997,0.99998575
0.002,0.997,0.99998575
0.002,0.998,0.99998575
0.00525,0.998,0.99998575
0.00525,0.999,0.99998575
0.0055,0.999,0.99998575
0.0055,1.0,0.99998575
0.51525,1.0,0.99998575
1.0,1.0,0.99998575
