FPR,TPR,AUC
0.0,0.0,0.499875
0.00025,0.0,0.499875
1.0,1.0,0.499875
