FPR,TPR,AUC
0.0,0.0,0.497125
0.00025,0.0,0.497125
0.00575,0.0,0.497125
1.0,1.0,0.497125
